epoch,time,train/box_loss,train/pose_loss,train/kobj_loss,train/cls_loss,train/dfl_loss,metrics/precision(B),metrics/recall(B),metrics/mAP50(B),metrics/mAP50-95(B),metrics/precision(P),metrics/recall(P),metrics/mAP50(P),metrics/mAP50-95(P),val/box_loss,val/pose_loss,val/kobj_loss,val/cls_loss,val/dfl_loss,lr/pg0,lr/pg1,lr/pg2
1,13.1615,2.60977,6.54132,0,5.91149,1.50948,0.00081,0.23607,0.00055,0.0002,0.00086,0.30283,0.0006,0.00017,2.89392,6.25557,0,4.83402,1.27058,0.000493926,0.000493926,0.000493926
2,14.3998,2.34578,5.43908,0,4.06795,1.35514,0.31089,0.30416,0.28235,0.08329,0.2739,0.26967,0.22371,0.04504,2.82156,5.61356,0,6.33407,1.492,0.00104267,0.00104267,0.00104267
3,15.5798,2.5221,3.96229,0,3.47795,1.41665,0.28205,0.40849,0.3235,0.09628,0.28954,0.21264,0.22358,0.0499,2.741,5.28784,0,4.12455,1.55879,0.00158407,0.00158407,0.00158407
4,16.8077,2.25689,3.52881,0,2.85488,1.25471,0.41459,0.58798,0.47043,0.11659,0.23022,0.32233,0.18137,0.03213,2.82271,4.96675,0,20.418,1.54765,0.00163399,0.00163399,0.00163399
5,17.9838,1.89587,3.51632,0,2.29839,1.15985,0.30534,0.72149,0.41959,0.13414,0.2227,0.54377,0.22752,0.04186,2.35433,4.71648,0,12.4208,1.4378,0.00162299,0.00162299,0.00162299
6,19.1722,2.09019,3.10481,0,1.98246,1.23757,0.27903,0.51547,0.25304,0.04895,0.29943,0.62909,0.38148,0.10263,3.12133,4.41314,0,12.3636,1.93161,0.00161199,0.00161199,0.00161199
7,20.4292,1.90262,2.9941,0,1.88842,1.12688,0.51697,0.5631,0.47637,0.12369,0.53659,0.62554,0.54274,0.12275,2.67736,4.48493,0,5.08943,1.61515,0.00160099,0.00160099,0.00160099
8,21.6302,1.93526,2.94113,0,1.75878,1.14848,0.52839,0.57074,0.44446,0.11505,0.56447,0.60345,0.53324,0.11084,2.59613,4.35405,0,4.81307,1.55917,0.00158998,0.00158998,0.00158998
9,22.8242,1.84369,2.8822,0,1.44474,1.15164,0.50016,0.58798,0.46847,0.11901,0.54147,0.66529,0.60991,0.11872,2.89135,4.20024,0,4.55018,1.78891,0.00157898,0.00157898,0.00157898
10,23.9972,1.72355,2.78003,0,1.48572,1.12193,0.6646,0.71028,0.6966,0.256,0.58279,0.63263,0.57213,0.11552,2.40698,3.88486,0,2.51329,1.49274,0.00156798,0.00156798,0.00156798
11,25.1842,1.60558,2.7144,0,1.25365,1.0924,0.65679,0.6008,0.55896,0.1927,0.71872,0.65959,0.67261,0.13191,2.74209,4.11785,0,2.79888,1.61526,0.00155698,0.00155698,0.00155698
12,26.3582,1.77121,2.73959,0,1.36541,1.10248,0.68761,0.74381,0.75902,0.29733,0.57097,0.6481,0.61195,0.11721,2.12532,3.85733,0,2.55896,1.27566,0.00154598,0.00154598,0.00154598
13,27.5132,1.74563,2.46462,0,1.39481,1.10747,0.57318,0.74536,0.61317,0.1296,0.61215,0.60296,0.60696,0.15376,2.74,4.05858,0,2.87693,1.4903,0.00153497,0.00153497,0.00153497
14,28.6842,1.63443,2.79574,0,1.08642,1.06474,0.89865,0.756,0.78976,0.2769,0.80475,0.65921,0.72477,0.19219,2.27689,3.71855,0,1.84379,1.18833,0.00152397,0.00152397,0.00152397
15,29.9362,1.86323,2.46448,0,1.10621,1.05169,0.79751,0.51731,0.5634,0.12158,0.94034,0.58968,0.69707,0.14756,2.90534,4.18537,0,3.21997,1.72592,0.00151297,0.00151297,0.00151297
16,31.1572,1.55753,2.50802,0,0.97122,1.04998,0.9022,0.77896,0.79252,0.30782,0.81655,0.7386,0.75529,0.19525,2.32536,3.86227,0,1.71479,1.28961,0.00150197,0.00150197,0.00150197
17,32.3312,1.8691,2.60353,0,1.11627,1.02549,0.85771,0.83156,0.82406,0.24673,0.83637,0.80239,0.79497,0.2241,2.4345,3.54811,0,1.3857,1.18705,0.00149096,0.00149096,0.00149096
18,33.4992,1.7031,2.64393,0,0.94733,1.05868,0.7738,0.82714,0.81984,0.27028,0.73575,0.78419,0.77052,0.19661,2.42152,3.66515,0,1.68278,1.30061,0.00147996,0.00147996,0.00147996
19,34.7692,1.74277,2.66745,0,1.00836,1.14779,0.77709,0.78249,0.77301,0.24005,0.78355,0.83439,0.7755,0.21138,2.51772,3.55745,0,1.51555,1.40288,0.00146896,0.00146896,0.00146896
20,35.9352,1.58782,2.51913,0,0.94993,1.00988,0.79116,0.83629,0.79388,0.25614,0.78974,0.77454,0.75416,0.20828,2.42178,3.64361,0,1.88472,1.33025,0.00145796,0.00145796,0.00145796
21,37.0682,1.64084,2.63879,0,0.89516,1.02422,0.79623,0.77598,0.7538,0.26376,0.74209,0.73121,0.68191,0.1712,2.27493,3.57938,0,1.84034,1.30534,0.00144696,0.00144696,0.00144696
22,38.1932,1.53338,2.49088,0,0.83612,1.02603,0.71636,0.72956,0.65165,0.195,0.71895,0.73696,0.64739,0.17258,2.67312,3.58031,0,2.56293,1.37113,0.00143595,0.00143595,0.00143595
23,39.3762,1.6063,2.50549,0,0.90563,1.04001,0.83082,0.88019,0.82032,0.33018,0.83166,0.78957,0.78534,0.20252,2.20491,3.58054,0,1.27947,1.15975,0.00142495,0.00142495,0.00142495
24,40.5272,1.65442,2.72799,0,0.85495,1.0516,0.79864,0.7715,0.69509,0.20424,0.84287,0.81332,0.79774,0.19592,2.56931,3.62774,0,1.53202,1.25091,0.00141395,0.00141395,0.00141395
25,41.6792,1.64273,2.70032,0,0.87374,1.00034,0.87174,0.7847,0.79725,0.26919,0.83394,0.73121,0.74337,0.21973,2.34076,3.63904,0,1.37208,1.18,0.00140295,0.00140295,0.00140295
26,42.8272,1.51577,2.53207,0,0.91386,0.96118,0.87988,0.89434,0.84407,0.28611,0.85538,0.87074,0.84015,0.23332,2.22821,3.66988,0,1.06815,1.125,0.00139195,0.00139195,0.00139195
27,44.0012,1.41493,2.63601,0,0.77403,0.9884,0.90868,0.90141,0.85684,0.31246,0.8993,0.88558,0.86274,0.22262,2.05771,3.63119,0,0.98732,1.06791,0.00138094,0.00138094,0.00138094
28,45.1382,1.61282,2.73958,0,0.78302,0.98549,0.9229,0.89567,0.90702,0.36119,0.83967,0.82894,0.80595,0.22501,2.00569,3.7108,0,0.94514,1.08478,0.00136994,0.00136994,0.00136994
29,46.2552,1.55472,2.52298,0,0.82653,0.96953,0.88749,0.85265,0.86046,0.32049,0.80778,0.81067,0.75167,0.22479,2.24217,3.69401,0,1.05674,1.17062,0.00135894,0.00135894,0.00135894
30,47.3902,1.69917,2.41283,0,0.82142,1.09129,0.92421,0.86711,0.91386,0.39216,0.84982,0.79202,0.78809,0.21647,1.94751,3.67168,0,1.0083,1.07893,0.00134794,0.00134794,0.00134794
31,48.5722,1.40153,2.20403,0,0.78088,0.95244,0.8477,0.66642,0.75965,0.26152,0.86244,0.68495,0.77654,0.22193,2.39861,3.68979,0,1.3116,1.27504,0.00133693,0.00133693,0.00133693
32,49.6922,1.77133,2.44189,0,0.93964,1.06224,0.6588,0.76794,0.72829,0.28295,0.63862,0.76677,0.70353,0.21023,2.16071,3.56899,0,1.24064,1.32125,0.00132593,0.00132593,0.00132593
33,50.9422,1.61306,2.43397,0,0.78082,1.02667,0.8259,0.80108,0.76872,0.2268,0.88195,0.85303,0.83496,0.26679,2.54703,3.48398,0,1.16142,1.31869,0.00131493,0.00131493,0.00131493
34,52.2162,1.48198,2.40805,0,0.77129,0.99707,0.86962,0.83731,0.82259,0.26804,0.87008,0.83112,0.82574,0.24608,2.30539,3.45676,0,1.17932,1.13579,0.00130393,0.00130393,0.00130393
35,53.4392,1.32417,2.09811,0,0.71335,0.87837,0.82185,0.83816,0.78931,0.26824,0.89986,0.84262,0.85385,0.24354,2.36329,3.4726,0,1.16643,1.16149,0.00129293,0.00129293,0.00129293
36,54.5652,1.36265,2.20211,0,0.72491,0.96497,0.77698,0.83864,0.78208,0.1999,0.86577,0.84929,0.81729,0.26598,2.53557,3.46598,0,1.09645,1.18849,0.00128192,0.00128192,0.00128192
37,55.7114,1.5323,2.48023,0,0.72642,0.97298,0.89695,0.91026,0.88378,0.31499,0.88811,0.86188,0.86064,0.31077,2.22202,3.34598,0,1.00228,1.1058,0.00127092,0.00127092,0.00127092
38,56.8524,1.4204,2.23513,0,0.7349,0.95823,0.86132,0.90832,0.89798,0.30347,0.90697,0.92104,0.89816,0.32503,2.24459,3.17948,0,1.03962,1.12963,0.00125992,0.00125992,0.00125992
39,58.0464,1.45878,2.14021,0,0.72023,1.01697,0.91055,0.87135,0.90027,0.25834,0.92184,0.86375,0.91305,0.31864,2.33295,3.13705,0,1.05134,1.13957,0.00124892,0.00124892,0.00124892
40,59.2044,1.3366,1.89459,0,0.67466,0.9659,0.86125,0.89743,0.89252,0.28051,0.86121,0.89978,0.90394,0.31916,2.31778,3.08302,0,1.02427,1.12632,0.00123791,0.00123791,0.00123791
41,60.4934,1.27057,2.15772,0,0.69923,0.90564,0.90395,0.88383,0.85953,0.2877,0.89727,0.87975,0.88645,0.26982,2.28178,3.16521,0,1.04176,1.10306,0.00122691,0.00122691,0.00122691
42,61.6554,1.54825,1.86442,0,0.73815,0.99953,0.90864,0.87189,0.85607,0.26194,0.95104,0.94562,0.95858,0.38929,2.44993,2.96806,0,1.05704,1.22846,0.00121591,0.00121591,0.00121591
43,62.8324,1.38134,1.7896,0,0.77649,0.955,0.93277,0.87591,0.90059,0.29417,0.92455,0.89514,0.9302,0.39022,2.30886,2.9882,0,1.00751,1.17073,0.00120491,0.00120491,0.00120491
44,63.9684,1.51375,1.83894,0,0.73599,0.98474,0.96232,0.96861,0.96477,0.38274,0.9377,0.93543,0.93554,0.45463,1.87879,2.78145,0,0.86183,1.00622,0.00119391,0.00119391,0.00119391
45,65.1274,1.43308,1.87812,0,0.75421,0.9519,0.94254,0.93015,0.9316,0.36642,0.94976,0.93722,0.96528,0.47387,1.96786,2.70517,0,0.86065,1.01665,0.0011829,0.0011829,0.0011829
46,66.2594,1.43629,1.49386,0,0.69356,0.97006,0.96296,0.94482,0.94544,0.36974,0.94945,0.93218,0.94907,0.45037,1.94629,2.61003,0,0.82489,1.0121,0.0011719,0.0011719,0.0011719
47,67.4304,1.46076,1.72209,0,0.69114,0.97285,0.96424,0.94343,0.94624,0.39721,0.95057,0.93061,0.92734,0.43995,1.91986,2.53739,0,0.83371,1.0297,0.0011609,0.0011609,0.0011609
48,68.5554,1.49035,1.56439,0,0.75403,0.96099,0.94594,0.91733,0.93817,0.38674,0.89369,0.87179,0.86098,0.45729,1.95833,2.51574,0,0.92482,1.05433,0.0011499,0.0011499,0.0011499
49,69.6914,1.58936,1.60073,0,0.72725,0.93553,0.88428,0.91275,0.87407,0.28253,0.91714,0.94591,0.92275,0.48289,2.21678,2.45919,0,0.96065,1.11726,0.00113889,0.00113889,0.00113889
50,70.8114,1.31317,1.25782,0,0.68216,0.94752,0.90362,0.92718,0.93133,0.37301,0.93421,0.92971,0.95217,0.53681,2.09519,2.4335,0,0.9347,1.09171,0.00112789,0.00112789,0.00112789
51,71.9764,1.39395,1.28901,0,0.71915,0.95824,0.94952,0.91639,0.94643,0.37037,0.95936,0.93052,0.94923,0.5523,2.09278,2.26175,0,0.89388,1.0733,0.00111689,0.00111689,0.00111689
52,73.1404,1.51582,1.28215,0,0.6992,0.94167,0.94888,0.92925,0.94902,0.36825,0.92777,0.90943,0.92782,0.53556,2.02198,2.19627,0,0.8865,1.01487,0.00110589,0.00110589,0.00110589
53,74.3134,1.40891,1.22974,0,0.67192,0.93763,0.93477,0.89356,0.88445,0.30504,0.95739,0.92273,0.96799,0.59301,2.058,2.08721,0,0.92402,1.01005,0.00109489,0.00109489,0.00109489
54,75.5194,1.31497,1.14069,0,0.6753,0.96258,0.93454,0.88373,0.90977,0.38355,0.92235,0.9359,0.94975,0.57448,1.9149,2.07463,0,0.92472,1.00509,0.00108388,0.00108388,0.00108388
55,76.6464,1.30565,1.31412,0,0.76236,0.95786,0.96379,0.91365,0.93646,0.42694,0.98396,0.93205,0.98029,0.57046,1.78495,1.99823,0,0.85647,0.98256,0.00107288,0.00107288,0.00107288
56,77.7794,1.40409,1.02945,0,0.7097,0.96315,0.92684,0.90759,0.92039,0.3478,0.92974,0.91232,0.94957,0.61097,1.98784,1.8821,0,0.91814,1.01387,0.00106188,0.00106188,0.00106188
57,78.8964,1.37223,0.98389,0,0.67785,0.92725,0.9019,0.94297,0.93067,0.42251,0.90733,0.94872,0.95131,0.59381,1.65038,1.86498,0,0.79594,0.95385,0.00105088,0.00105088,0.00105088
58,80.0404,1.31334,1.10277,0,0.66023,0.92806,0.95051,0.91733,0.91399,0.40383,0.9135,0.88462,0.89756,0.53811,1.84127,1.94217,0,0.82368,1.00137,0.00103987,0.00103987,0.00103987
59,81.1794,1.29834,1.09802,0,0.66351,0.9453,0.93705,0.93658,0.92789,0.43255,0.90286,0.90674,0.90338,0.53805,1.75157,1.92107,0,0.82798,0.97483,0.00102887,0.00102887,0.00102887
60,82.3484,1.27244,0.91555,0,0.6673,0.95006,0.9733,0.94297,0.95429,0.47951,0.97922,0.94872,0.95941,0.63152,1.62072,1.78788,0,0.76382,0.94434,0.00101787,0.00101787,0.00101787
61,83.5124,1.39973,1.19523,0,0.67836,0.90122,0.94431,0.93481,0.92618,0.42516,0.96894,0.9587,0.96413,0.65527,1.66855,1.75255,0,0.7657,0.94835,0.00100687,0.00100687,0.00100687
62,84.6564,1.29221,0.99442,0,0.67133,0.91261,0.94915,0.95042,0.97497,0.45477,0.94073,0.94352,0.96519,0.57897,1.64761,1.94898,0,0.80134,0.94817,0.000995866,0.000995866,0.000995866
63,85.8684,1.46039,1.08988,0,0.68504,0.94857,0.96628,0.97436,0.97764,0.44808,0.9512,0.96154,0.96137,0.6108,1.66941,1.86893,0,0.76186,0.95322,0.000984864,0.000984864,0.000984864
64,86.9814,1.42872,1.02257,0,0.69124,0.96767,0.96581,0.97738,0.96793,0.42781,0.97152,0.98313,0.97293,0.62368,1.62491,1.79817,0,0.70385,0.94199,0.000973861,0.000973861,0.000973861
65,88.1024,1.3622,0.99189,0,0.62722,0.95262,0.95485,0.96154,0.93447,0.377,0.9719,0.98642,0.97161,0.63699,1.79811,1.71473,0,0.77399,0.96923,0.000962859,0.000962859,0.000962859
66,89.2314,1.36768,1.03392,0,0.6639,0.95275,0.95859,0.93212,0.94094,0.38978,0.92975,0.89261,0.88293,0.56479,1.98697,1.89123,0,0.81611,1.01744,0.000951857,0.000951857,0.000951857
67,90.3674,1.28421,0.88886,0,0.61986,0.92435,0.95156,0.93015,0.92999,0.33184,0.92818,0.88068,0.87343,0.55513,2.0972,1.8595,0,0.87166,1.02995,0.000940855,0.000940855,0.000940855
68,91.5014,1.3152,0.85153,0,0.62058,0.90484,0.94066,0.92035,0.8989,0.39065,0.91343,0.89516,0.88181,0.55858,1.72461,1.8752,0,0.76379,0.94604,0.000929853,0.000929853,0.000929853
69,92.6534,1.35765,0.84915,0,0.65535,0.97572,0.97159,0.97905,0.97321,0.44106,0.91944,0.92881,0.90381,0.55753,1.52573,1.90895,0,0.73964,0.917,0.00091885,0.00091885,0.00091885
70,93.8254,1.28977,0.81659,0,0.61965,0.94491,0.97792,0.93015,0.96825,0.45754,0.93569,0.89169,0.90573,0.56406,1.6536,1.87798,0,0.79089,0.93184,0.000907848,0.000907848,0.000907848
71,95.0354,1.37011,0.86527,0,0.66353,0.96531,0.99182,0.94037,0.98662,0.5408,0.96372,0.91473,0.94573,0.58331,1.5206,1.8207,0,0.75135,0.93412,0.000896846,0.000896846,0.000896846
72,96.1964,1.45732,0.85615,0,0.63718,0.93817,1,0.9535,0.98592,0.48313,0.98611,0.9409,0.95529,0.61718,1.79487,1.76109,0,0.77431,0.9932,0.000885844,0.000885844,0.000885844
73,97.3024,1.37405,0.72142,0,0.61345,0.9189,0.98388,0.93722,0.97103,0.44646,0.98388,0.93722,0.95476,0.64715,1.89362,1.72754,0,0.78017,1.01909,0.000874842,0.000874842,0.000874842
74,98.4164,1.10637,0.72379,0,0.53537,0.79951,0.99956,0.9637,0.98832,0.45153,0.95926,0.92879,0.93571,0.61577,1.81197,1.68499,0,0.7457,0.98897,0.000863839,0.000863839,0.000863839
75,99.5444,1.25222,0.79874,0,0.60902,0.89432,0.98866,0.9736,0.98341,0.43867,0.95842,0.94024,0.9345,0.63804,1.87167,1.62147,0,0.73286,0.99338,0.000852837,0.000852837,0.000852837
76,100.7,1.38101,0.81985,0,0.65466,0.9459,0.99129,0.96063,0.9939,0.51442,0.92291,0.897,0.89915,0.64434,1.65074,1.69835,0,0.68014,0.96275,0.000841835,0.000841835,0.000841835
77,101.849,1.38388,0.74606,0,0.6272,0.92638,0.95789,0.97959,0.97313,0.49416,0.9369,0.88827,0.89029,0.62651,1.66065,1.7028,0,0.69292,0.95871,0.000830833,0.000830833,0.000830833
78,103.004,1.38065,0.9238,0,0.6179,0.929,0.96577,0.96861,0.96754,0.42484,0.97202,0.96784,0.96908,0.68247,1.72852,1.45172,0,0.74927,0.94437,0.000819831,0.000819831,0.000819831
79,104.201,1.30362,0.75522,0,0.62207,0.9016,0.94371,0.97972,0.96317,0.47394,0.9821,0.97436,0.96934,0.69264,1.6227,1.42724,0,0.71628,0.93945,0.000808828,0.000808828,0.000808828
80,105.368,1.40465,0.70276,0,0.60284,0.93142,0.95979,0.96649,0.96877,0.50416,1,0.97092,0.97,0.70753,1.58705,1.5113,0,0.68783,0.94111,0.000797826,0.000797826,0.000797826
81,106.508,1.41535,0.94738,0,0.6692,0.98324,0.98429,0.95416,0.96736,0.42769,0.9986,0.97156,0.97,0.68688,1.84595,1.54664,0,0.75508,0.97275,0.000786824,0.000786824,0.000786824
82,107.634,1.24146,0.66982,0,0.60027,0.88392,0.96896,0.95782,0.96863,0.47216,0.98224,0.97053,0.96842,0.70519,1.68925,1.41128,0,0.69496,0.94073,0.000775822,0.000775822,0.000775822
83,108.746,1.30269,0.69665,0,0.59164,0.91897,0.96603,0.96691,0.97095,0.46027,0.98187,0.96779,0.96974,0.71175,1.65571,1.39278,0,0.72432,0.92894,0.00076482,0.00076482,0.00076482
84,109.87,1.24918,0.66126,0,0.56661,0.90459,0.94656,0.98718,0.96702,0.45277,0.98296,0.95733,0.96803,0.67637,1.62896,1.42319,0,0.70948,0.92265,0.000753817,0.000753817,0.000753817
85,110.997,1.30876,0.58798,0,0.60047,0.9303,0.95473,0.98718,0.96273,0.462,0.98242,0.94872,0.96685,0.69676,1.66593,1.40782,0,0.74769,0.93821,0.000742815,0.000742815,0.000742815
86,112.215,1.24223,0.63751,0,0.57317,0.92562,0.95434,0.97138,0.97125,0.46413,0.98027,0.96154,0.96773,0.71455,1.77248,1.377,0,0.76209,0.9589,0.000731813,0.000731813,0.000731813
87,113.348,1.28203,0.53987,0,0.60224,0.91271,0.99069,0.96614,0.99475,0.5068,0.96302,0.94059,0.93994,0.67541,1.54817,1.43233,0,0.72084,0.91729,0.000720811,0.000720811,0.000720811
88,114.507,1.166,0.67204,0,0.58848,0.89664,0.9744,0.976,0.995,0.51171,0.97145,0.9476,0.9527,0.70171,1.52142,1.43294,0,0.74832,0.91407,0.000709809,0.000709809,0.000709809
89,115.663,1.20327,0.61259,0,0.57742,0.91775,0.96966,0.95708,0.95816,0.40561,0.98871,0.9748,0.99355,0.76028,1.85807,1.34356,0,0.80435,0.96607,0.000698806,0.000698806,0.000698806
90,116.794,1.49826,0.67272,0,0.64051,0.96071,0.97316,0.96293,0.96974,0.43235,0.98442,0.97713,0.99348,0.73797,1.84644,1.33865,0,0.8012,0.96772,0.000687804,0.000687804,0.000687804
91,117.929,1.27104,0.66343,0,0.61127,0.90738,0.9842,0.97575,0.995,0.50902,0.9842,0.97575,0.99313,0.71368,1.629,1.36205,0,0.73812,0.9464,0.000676802,0.000676802,0.000676802
92,119.049,1.24405,0.63739,0,0.57359,0.91546,0.99494,0.99486,0.995,0.50527,0.98199,0.98204,0.9791,0.71784,1.65654,1.40015,0,0.71394,0.9777,0.0006658,0.0006658,0.0006658
93,120.256,1.33959,0.65885,0,0.63555,0.96134,0.98287,0.98718,0.98231,0.4689,0.98287,0.98718,0.98969,0.73595,1.75618,1.3726,0,0.72004,0.98499,0.000654798,0.000654798,0.000654798
94,121.517,1.40836,0.71834,0,0.59037,0.93006,0.96331,0.96861,0.94976,0.49632,0.98217,0.98718,0.9875,0.75499,1.57138,1.28392,0,0.66848,0.93127,0.000643795,0.000643795,0.000643795
95,122.655,1.31714,0.63459,0,0.58823,0.91079,0.98424,0.99858,0.99475,0.5194,0.97162,0.98718,0.98641,0.76642,1.5474,1.22916,0,0.66992,0.93837,0.000632793,0.000632793,0.000632793
96,123.825,1.18765,0.62363,0,0.54911,0.92121,0.99787,0.98468,0.99475,0.46218,0.98464,0.97185,0.99115,0.77582,1.70905,1.23305,0,0.68102,0.95818,0.000621791,0.000621791,0.000621791
97,124.966,1.27099,0.53875,0,0.60467,0.87434,0.99747,1,0.995,0.48784,0.98458,0.98718,0.99264,0.80573,1.64768,1.25774,0,0.69716,0.94544,0.000610789,0.000610789,0.000610789
98,126.096,1.25905,0.55494,0,0.57419,0.9288,0.99649,1,0.995,0.53838,0.99649,1,0.995,0.76956,1.5589,1.2748,0,0.69917,0.94287,0.000599787,0.000599787,0.000599787
99,127.209,1.20687,0.54046,0,0.54889,0.90558,0.98224,0.98718,0.98,0.50137,0.98224,0.98718,0.99095,0.75085,1.66037,1.2976,0,0.68867,0.96174,0.000588784,0.000588784,0.000588784
100,128.353,1.20013,0.54357,0,0.54588,0.89826,0.9939,1,0.995,0.50971,0.9939,1,0.995,0.78678,1.58005,1.27478,0,0.67677,0.94315,0.000577782,0.000577782,0.000577782
101,129.568,1.18553,0.53315,0,0.5558,0.92172,0.97238,1,0.995,0.56768,0.97238,1,0.995,0.81334,1.40272,1.22694,0,0.69213,0.90877,0.00056678,0.00056678,0.00056678
102,130.766,1.38298,0.51606,0,0.60011,0.93451,0.96093,0.97943,0.97474,0.48071,0.97405,0.99213,0.995,0.78299,1.57668,1.29708,0,0.7367,0.92319,0.000555778,0.000555778,0.000555778
103,131.907,1.20326,0.57698,0,0.5476,0.86555,0.95672,0.9789,0.97449,0.49375,0.96976,0.99172,0.995,0.77382,1.54715,1.27588,0,0.68031,0.91907,0.000544776,0.000544776,0.000544776
104,133.069,1.26223,0.50438,0,0.55242,0.90409,0.97448,0.99426,0.995,0.52371,0.97448,0.99426,0.995,0.79803,1.4822,1.25008,0,0.64733,0.91134,0.000533773,0.000533773,0.000533773
105,134.212,1.23136,0.49731,0,0.55971,0.8869,0.99168,0.98718,0.99475,0.52153,0.99168,0.98718,0.99475,0.77563,1.51163,1.25052,0,0.6637,0.91782,0.000522771,0.000522771,0.000522771
106,135.347,1.29246,0.61194,0,0.61428,0.90898,0.99735,0.98412,0.99451,0.58947,0.99735,0.98412,0.99451,0.74419,1.33527,1.28828,0,0.63879,0.88602,0.000511769,0.000511769,0.000511769
107,136.494,1.35555,0.57036,0,0.58999,0.97473,0.982,0.97436,0.97491,0.54373,0.99519,0.98718,0.99475,0.78463,1.44168,1.29214,0,0.6524,0.89152,0.000500767,0.000500767,0.000500767
108,137.606,1.21958,0.72574,0,0.55836,0.85237,0.9835,0.98546,0.97744,0.52403,0.99639,0.99805,0.995,0.79066,1.45385,1.2678,0,0.65336,0.89114,0.000489765,0.000489765,0.000489765
109,138.721,1.22193,0.67304,0,0.59516,0.95308,0.99652,1,0.995,0.52881,0.99652,1,0.995,0.80154,1.40147,1.25125,0,0.64514,0.8879,0.000478762,0.000478762,0.000478762
110,139.926,1.16964,0.71142,0,0.56837,0.92105,0.9812,0.98718,0.98,0.54406,0.9812,0.98718,0.99216,0.8089,1.33626,1.17528,0,0.61879,0.88129,0.00046776,0.00046776,0.00046776
111,141.039,1.1968,0.51507,0,0.55178,0.85226,0.97883,0.98718,0.98,0.51873,0.97883,0.98718,0.99216,0.79822,1.4796,1.20358,0,0.64446,0.89727,0.000456758,0.000456758,0.000456758
112,142.195,1.18143,0.48091,0,0.53029,0.91683,0.97557,0.98143,0.97399,0.4963,0.98129,0.98718,0.99232,0.78128,1.60062,1.2288,0,0.65426,0.9172,0.000445756,0.000445756,0.000445756
113,143.319,1.12874,0.51573,0,0.51452,0.91821,0.97696,0.98143,0.97323,0.48127,0.98269,0.98718,0.99177,0.79006,1.65916,1.24774,0,0.67028,0.92957,0.000434754,0.000434754,0.000434754
114,144.473,1.13638,0.54699,0,0.50707,0.90173,0.99766,0.99759,0.995,0.52573,0.99766,0.99759,0.995,0.81404,1.45456,1.21217,0,0.62409,0.89645,0.000423751,0.000423751,0.000423751
115,145.61,1.11555,0.44848,0,0.52278,0.87111,0.97278,0.97569,0.96377,0.4841,0.99715,1,0.995,0.8399,1.54073,1.13047,0,0.6277,0.90211,0.000412749,0.000412749,0.000412749
116,146.74,1.01699,0.49192,0,0.49031,0.87596,0.97284,0.97569,0.96423,0.48822,0.99715,1,0.995,0.8401,1.51645,1.11419,0,0.62398,0.89559,0.000401747,0.000401747,0.000401747
117,147.906,1.15342,0.46476,0,0.52315,0.91587,0.98463,0.98718,0.97782,0.52582,0.99749,1,0.995,0.82321,1.4218,1.16886,0,0.59694,0.87831,0.000390745,0.000390745,0.000390745
118,149.032,1.2021,0.50381,0,0.57509,0.86783,0.98476,0.98718,0.97808,0.50835,0.99761,1,0.995,0.77257,1.46618,1.25231,0,0.6218,0.88567,0.000379743,0.000379743,0.000379743
119,150.17,1.09171,0.48948,0,0.51626,0.86748,0.98428,0.98718,0.97872,0.50667,0.99712,1,0.995,0.76927,1.50684,1.22922,0,0.62926,0.89227,0.00036874,0.00036874,0.00036874
120,151.328,1.15455,0.47534,0,0.51471,0.8778,0.98426,0.98718,0.97641,0.5057,0.98426,0.98718,0.99098,0.77513,1.49904,1.20117,0,0.62169,0.89246,0.000357738,0.000357738,0.000357738
121,152.496,1.15321,0.48676,0,0.55018,0.84227,0.98494,0.98718,0.97705,0.50312,0.98494,0.98718,0.99069,0.78522,1.49242,1.21319,0,0.62053,0.89339,0.000346736,0.000346736,0.000346736
122,153.626,1.24998,0.53375,0,0.56535,0.85749,0.98509,0.98718,0.97641,0.49352,0.98509,0.98718,0.99017,0.8002,1.47194,1.20725,0,0.6301,0.89035,0.000335734,0.000335734,0.000335734
123,154.798,1.2305,0.4937,0,0.56606,0.87352,0.97156,0.97436,0.96111,0.49103,0.98434,0.98718,0.99072,0.79799,1.43941,1.21061,0,0.63089,0.88607,0.000324732,0.000324732,0.000324732
124,155.941,1.18364,0.52343,0,0.52966,0.83759,0.97046,0.97436,0.96287,0.49414,0.98322,0.98718,0.99136,0.80055,1.44289,1.18923,0,0.61507,0.88688,0.000313729,0.000313729,0.000313729
125,157.067,1.1175,0.47679,0,0.52072,0.8712,0.98365,0.98718,0.97872,0.48057,0.99648,1,0.995,0.80522,1.52543,1.16398,0,0.63221,0.9007,0.000302727,0.000302727,0.000302727
126,158.262,1.19734,0.42334,0,0.50961,0.87932,0.99807,1,0.995,0.51204,0.99807,1,0.995,0.81826,1.40605,1.13538,0,0.61454,0.88177,0.000291725,0.000291725,0.000291725
127,159.373,1.20439,0.50628,0,0.52939,0.89699,0.99936,0.99649,0.995,0.54335,0.99936,0.99649,0.995,0.81076,1.3231,1.14458,0,0.60982,0.87045,0.000280723,0.000280723,0.000280723
128,160.499,1.07109,0.40498,0,0.51314,0.86795,0.98778,0.98718,0.99475,0.52097,0.98778,0.98718,0.99475,0.78916,1.39178,1.17628,0,0.61965,0.8769,0.000269721,0.000269721,0.000269721
129,161.722,1.0925,0.46364,0,0.52829,0.83744,0.98097,0.96682,0.97357,0.49888,0.9922,0.9801,0.99429,0.78164,1.453,1.20043,0,0.62419,0.88393,0.000258718,0.000258718,0.000258718
130,162.838,1.12497,0.40847,0,0.47226,0.92954,0.98733,0.9914,0.99475,0.55384,0.98733,0.9914,0.99475,0.77359,1.33041,1.2316,0,0.59858,0.86755,0.000247716,0.000247716,0.000247716
131,163.983,1.06497,0.44572,0,0.47355,0.84783,0.99781,0.99951,0.995,0.56604,0.99781,0.99951,0.995,0.76511,1.27635,1.24136,0,0.60293,0.85983,0.000236714,0.000236714,0.000236714
132,165.125,1.00963,0.49745,0,0.45214,0.89892,0.99727,0.99847,0.995,0.55842,0.99727,0.99847,0.995,0.774,1.3356,1.21268,0,0.6123,0.8667,0.000225712,0.000225712,0.000225712
133,166.263,1.10948,0.42342,0,0.51516,0.87529,0.99786,0.99968,0.995,0.53936,0.99786,0.99968,0.995,0.79015,1.40368,1.18029,0,0.6059,0.8744,0.00021471,0.00021471,0.00021471
134,167.445,1.02567,0.38723,0,0.48299,0.87072,0.99846,1,0.995,0.56259,0.99846,1,0.995,0.7974,1.34579,1.15988,0,0.59006,0.86809,0.000203707,0.000203707,0.000203707
135,168.554,1.17385,0.50025,0,0.49287,0.90022,0.99824,1,0.995,0.58743,0.99824,1,0.995,0.79876,1.31158,1.13064,0,0.59148,0.86461,0.000192705,0.000192705,0.000192705
136,169.693,1.17225,0.41301,0,0.52778,0.88156,0.99804,1,0.995,0.59975,0.99804,1,0.995,0.78728,1.26875,1.12132,0,0.58273,0.86259,0.000181703,0.000181703,0.000181703
137,170.836,1.11302,0.44458,0,0.48833,0.89294,0.99814,1,0.995,0.59696,0.99814,1,0.995,0.79689,1.30537,1.11548,0,0.58183,0.86999,0.000170701,0.000170701,0.000170701
138,171.999,1.06115,0.43401,0,0.49953,0.83471,0.998,1,0.995,0.57091,0.998,1,0.995,0.8089,1.36173,1.11503,0,0.58391,0.87378,0.000159699,0.000159699,0.000159699
139,173.206,1.12449,0.42275,0,0.49237,0.85764,0.98497,0.98718,0.97705,0.52921,0.9978,1,0.995,0.80627,1.43324,1.13223,0,0.59689,0.87979,0.000148696,0.000148696,0.000148696
140,174.404,1.1241,0.41762,0,0.50919,0.8643,0.98499,0.98718,0.97577,0.52201,0.99782,1,0.995,0.81743,1.44201,1.14086,0,0.60554,0.87912,0.000137694,0.000137694,0.000137694
141,179.849,0.98976,0.44388,0,0.43648,0.79203,0.98488,0.98718,0.97513,0.54187,0.99771,1,0.995,0.8232,1.35861,1.13546,0,0.58059,0.86745,0.000126692,0.000126692,0.000126692
142,181.117,1.11582,0.44315,0,0.4866,0.90478,0.99741,1,0.995,0.56394,0.98458,0.98718,0.98906,0.82228,1.32458,1.10083,0,0.56557,0.86384,0.00011569,0.00011569,0.00011569
143,182.27,1.15547,0.41221,0,0.48294,0.88236,0.98449,0.98718,0.97474,0.5432,0.98449,0.98718,0.98809,0.82329,1.35807,1.08633,0,0.57498,0.86817,0.000104688,0.000104688,0.000104688
144,183.436,1.04864,0.44432,0,0.48269,0.88599,0.9844,0.98718,0.97513,0.54905,0.9844,0.98718,0.98792,0.81793,1.3503,1.08784,0,0.57652,0.86783,9.36854e-05,9.36854e-05,9.36854e-05
145,184.584,1.0673,0.4463,0,0.46538,0.87475,0.99696,1,0.995,0.58039,0.98417,0.98718,0.98798,0.81008,1.28962,1.08796,0,0.56807,0.86196,8.26832e-05,8.26832e-05,8.26832e-05
146,185.71,1.09323,0.42256,0,0.48004,0.86419,0.99668,1,0.995,0.61643,0.98389,0.98718,0.98783,0.80077,1.20409,1.09295,0,0.55226,0.8535,7.1681e-05,7.1681e-05,7.1681e-05
147,186.871,1.16278,0.48478,0,0.4968,0.90441,0.99669,1,0.995,0.62337,0.98386,0.98718,0.98772,0.79704,1.17615,1.09756,0,0.55145,0.85002,6.06788e-05,6.06788e-05,6.06788e-05
148,188,1.14126,0.45066,0,0.51561,0.86541,0.99606,1,0.995,0.6303,0.98319,0.98718,0.98769,0.79944,1.15229,1.09974,0,0.54448,0.84698,4.96766e-05,4.96766e-05,4.96766e-05
149,189.112,1.17086,0.39001,0,0.50269,0.92636,0.99611,1,0.995,0.63266,0.98325,0.98718,0.98808,0.80017,1.15558,1.10328,0,0.54328,0.84721,3.86744e-05,3.86744e-05,3.86744e-05
150,190.304,1.11272,0.44346,0,0.47677,0.84108,0.99599,1,0.995,0.62334,0.98312,0.98718,0.98828,0.80509,1.16918,1.10042,0,0.54851,0.84866,2.76722e-05,2.76722e-05,2.76722e-05
